,Source,Target
0,785,2636
1,1181,2881
2,1758,2533
3,219,1965
4,1795,2646
5,1447,2652
6,305,1956
7,25,2736
8,262,1884
9,33,2936
10,738,2593
11,349,2152
12,790,1944
13,840,3120
14,593,2606
15,587,3205
16,1497,3047
17,827,2727
18,1421,3119
19,1705,3196
20,530,2301
21,1683,2452
22,1316,2149
23,1097,1922
24,437,2535
25,737,2851
26,823,3127
27,1375,1924
28,219,2144
29,1498,3022
30,535,3383
31,1237,2719
32,913,2004
33,1496,1929
34,1844,3036
35,19,1894
36,549,2043
37,586,2018
38,1097,1871
39,507,1987
40,1094,2301
41,1772,2404
42,227,1911
43,44,3163
44,1469,2653
45,1151,2200
46,1570,2698
47,266,2564
48,1111,1871
49,1659,1988
50,956,2005
51,1738,2016
52,1467,2324
53,737,2806
54,1638,2007
55,270,1921
56,40,2872
57,842,3324
58,1247,2123
59,1570,2699
60,48,3172
61,1353,2406
62,737,2786
63,46,2339
64,93,2888
65,1840,3337
66,1140,2016
67,1811,3324
68,44,2040
69,1510,2303
70,1071,2019
71,1329,1988
72,30,2577
73,916,2308
74,534,2951
75,428,2602
76,1304,2947
77,604,2051
78,472,2406
79,1637,2956
80,490,2534
81,29,2879
82,30,1976
83,314,2102
84,591,3194
85,1498,3178
86,59,2250
87,1752,2483
88,157,2394
89,1496,1933
90,1819,3100
91,507,2878
92,702,2604
93,1509,2580
94,378,2535
95,601,2570
96,219,2652
97,380,2124
98,299,2602
99,566,1939
100,1761,1911
101,1811,3138
102,680,3196
103,1498,2039
104,737,1982
105,41,3231
106,1036,3245
107,301,3205
108,439,2357
109,691,1942
110,1496,1994
111,804,2363
112,507,2053
113,379,2091
114,511,3147
115,1598,2602
116,457,2626
117,499,3156
118,1550,3380
119,1102,1871
120,1655,2306
121,628,2210
122,202,2917
123,737,2805
124,762,2597
125,1359,2808
126,671,1921
127,1744,3237
128,19,3070
129,340,1922
130,683,1921
131,1376,2139
132,1567,1971
133,45,2954
134,784,2834
135,1629,2695
136,1126,2695
137,173,2627
138,299,2108
139,737,2877
140,680,3194
141,1467,2971
142,1115,2176
143,1570,2697
144,30,3131
145,1204,2004
146,496,2085
147,581,2456
148,1486,2089
149,1583,3380
150,625,3205
151,402,2215
152,1852,2832
153,958,3305
154,1548,3196
155,465,2073
156,596,2952
157,702,2434
158,284,3000
159,1145,2939
160,1632,3146
161,1333,2743
162,449,2339
163,751,2576
164,271,2530
165,51,2302
166,1745,2303
167,192,1954
168,381,1988
169,1572,3311
170,1791,2105
171,1045,2952
172,6,2022
173,1486,1991
174,347,2534
175,1372,3344
176,44,3264
177,1099,3205
178,435,1941
179,737,2876
180,1700,2534
181,1688,2016
182,1780,1942
183,769,3265
184,150,2020
185,551,1883
186,210,3017
187,1657,2534
188,195,2135
189,210,3036
190,69,2720
191,608,2137
192,1540,2743
193,612,2093
194,1111,2301
195,1498,2761
196,1512,1871
197,1542,1871
198,826,2676
199,336,1883
200,268,2626
201,1135,2434
202,44,3262
203,1055,2049
204,1761,2170
205,1832,1916
206,1364,3117
207,102,2108
208,742,3344
209,641,2408
210,76,2974
211,1445,2152
212,1647,2108
213,1677,2134
214,292,2395
215,1708,2632
216,753,2629
217,1722,1942
218,1571,3277
219,883,2251
220,760,3142
221,1546,2689
222,1819,2385
223,1372,2812
224,1223,2174
225,1597,3066
226,161,3142
227,792,2016
228,312,3159
229,1330,3398
230,775,2534
231,1656,2744
232,1011,2004
233,1517,3304
234,660,2406
235,773,1867
236,198,1939
237,737,1950
238,219,3227
239,1348,2880
240,1646,3380
241,1411,2108
242,1478,2618
243,178,1908
244,993,3388
245,696,2925
246,1364,3119
247,1511,2008
248,92,2493
249,573,1988
250,562,1895
251,694,2412
252,777,2664
253,964,2644
254,737,3247
255,1682,3196
256,867,3299
257,44,2090
258,364,2085
259,539,2414
260,1610,2843
261,507,2001
262,1598,2107
263,1610,2960
264,44,2281
265,92,3074
266,450,1923
267,17,2317
268,770,2301
269,737,1976
270,446,2168
271,219,2223
272,1490,3236
273,1680,1925
274,1118,2935
275,1497,3035
276,135,2691
277,455,2296
278,811,2727
279,432,2406
280,1042,1874
281,738,1905
282,264,2302
283,19,2868
284,1207,2367
285,798,1923
286,1599,2229
287,50,2812
288,1763,1866
289,509,2718
290,1399,1868
291,1546,2147
292,210,3142
293,526,2205
294,924,2695
295,1187,2108
296,1463,3189
297,197,2957
298,1247,2834
299,157,2742
300,25,3031
301,1541,1956
302,503,2819
303,192,2943
304,19,2385
305,509,2557
306,350,3169
307,1632,3147
308,1848,3253
309,661,2534
310,928,1989
311,446,3107
312,1098,2534
313,1334,2295
314,1783,1891
315,797,2418
316,419,2814
317,1368,1940
318,1493,1966
319,988,3407
320,1567,2265
321,1104,1866
322,1354,1913
323,481,1940
324,1350,3196
325,962,2930
326,19,3046
327,395,2406
328,823,2673
329,387,3344
330,944,2717
331,737,2838
332,651,2881
333,1263,3017
334,229,2703
335,1553,2303
336,143,2130
337,1065,2205
338,1455,2418
339,1709,2108
340,465,3382
341,272,3196
342,1018,2391
343,17,1896
344,910,2837
345,400,2302
346,1752,3238
347,235,2534
348,1185,2881
349,629,2456
350,539,2406
351,1284,2152
352,737,2459
353,578,2602
354,1631,2176
355,1666,2928
356,1467,3342
357,737,1952
358,1348,2879
359,1849,3360
360,655,3404
361,562,2745
362,1420,1866
363,561,3194
364,1451,2406
365,755,2326
366,1163,3396
367,1374,2845
368,1042,1876
369,299,2107
370,755,2672
371,1804,2521
372,1819,2089
373,134,2979
374,371,2301
375,1499,2227
376,1479,2133
377,1855,3251
378,210,2140
379,679,2109
380,810,2975
381,1395,3194
382,820,3017
383,63,2727
384,1337,3335
385,737,1981
386,1795,3286
387,692,3351
388,1146,2956
389,1022,3373
390,745,1940
391,1639,2371
392,219,2559
393,157,2364
394,1497,3060
395,402,2423
396,590,2290
397,511,3119
398,1493,3269
399,1514,1915
400,167,1932
401,1135,2604
402,1584,2226
403,1627,1988
404,976,2740
405,1067,2534
406,1752,3280
407,30,1974
408,677,2051
409,737,2273
410,507,3402
411,839,2492
412,737,3126
413,1478,2617
414,1418,3352
415,417,1943
416,1125,3351
417,1537,2610
418,152,2525
419,1498,3035
420,118,2827
421,585,1988
422,147,3337
423,1098,1939
424,7,2518
425,631,2134
426,737,2550
427,737,1989
428,202,2687
429,1308,2301
430,202,3191
431,440,1991
432,117,2508
433,1584,2034
434,1134,2596
435,466,3233
436,1758,2346
437,736,1871
438,241,2016
439,643,2301
440,1497,2039
441,737,2677
442,604,2847
443,1752,2454
444,1341,2952
445,755,3360
446,398,2085
447,371,1873
448,210,2627
449,878,2984
450,1279,2020
451,937,3388
452,832,3373
453,558,2133
454,1771,2132
455,536,3380
456,337,2093
457,1149,2952
458,794,1867
459,1046,2406
460,960,3017
461,507,2764
462,1399,1872
463,134,3168
464,1330,2213
465,785,2957
466,737,2269
467,507,2247
468,1681,1921
469,400,2301
470,1178,2007
471,411,2107
472,1752,2600
473,1091,2743
474,122,2895
475,1517,2622
476,499,2043
477,1768,2957
478,452,2644
479,1059,2931
480,404,2573
481,1512,1873
482,1018,1989
483,452,1902
484,182,2096
485,507,2272
486,621,3204
487,197,2928
488,381,3351
489,19,3033
490,892,2308
491,1039,2304
492,1355,1913
493,219,2981
494,655,2837
495,134,3167
496,737,2850
497,413,1871
498,224,2339
499,1604,3377
500,1824,2998
501,1303,2512
502,403,3226
503,40,2685
504,144,3017
505,1680,1921
506,1326,2538
507,19,3055
508,677,2604
509,1336,2983
510,446,2222
511,1376,2567
512,210,2433
513,1629,2116
514,1043,2820
515,1438,2340
516,600,1967
517,1396,1913
518,601,2331
519,1796,1914
520,1610,3020
521,81,3038
522,210,2277
523,365,3344
524,186,2525
525,1060,2206
526,666,2880
527,737,1955
528,1704,1942
529,1226,2827
530,1376,2010
531,331,3389
532,44,2858
533,1376,2982
534,1497,3042
535,760,2316
536,871,2108
537,902,2837
538,367,3022
539,952,2152
540,417,1944
541,1498,3326
542,1486,2077
543,321,3350
544,1710,3344
545,170,3337
546,1507,2191
547,1810,1944
548,745,1941
549,1496,1902
550,1107,1911
551,1492,1911
552,1546,2688
553,1486,2253
554,515,1867
555,1187,2109
556,344,2952
557,1119,3205
558,737,2692
559,1507,2998
560,737,2848
561,67,2381
562,133,2939
563,1197,2928
564,792,2130
565,204,2065
566,366,2109
567,92,2495
568,1421,1975
569,19,3052
570,501,2413
571,314,2101
572,1852,2830
573,1856,3356
574,1135,2051
575,699,2969
576,1469,2455
577,1043,3039
578,1373,2308
579,507,2478
580,1363,1988
581,1454,3179
582,961,3017
583,1821,2827
584,740,2058
585,1675,3194
586,933,2719
587,1102,2302
588,1512,1939
589,1632,3148
590,1274,2152
591,1779,2418
592,1734,2579
593,900,3184
594,715,1988
595,19,3225
596,737,2266
597,639,2822
598,122,2992
599,429,3373
600,507,2441
601,1473,3195
602,1095,1924
603,1832,1915
604,1328,3017
605,593,2614
606,514,2112
607,1819,3054
608,1467,2322
609,92,2433
610,1421,3115
611,647,3194
612,1832,1918
613,348,3120
614,650,2952
615,1126,2881
616,1832,1917
617,1134,2337
618,31,3205
619,319,2043
620,1489,3332
621,1302,1917
622,686,1956
623,1512,1940
624,1463,3205
625,1098,2112
626,1748,2334
627,924,1900
628,1575,2881
629,219,2026
630,1634,3315
631,122,3002
632,1218,2152
633,1852,2907
634,1264,2108
635,1410,3337
636,614,2864
637,1816,2998
638,1585,3178
639,95,2319
640,1112,2485
641,1435,1931
642,737,2274
643,1587,2822
644,448,2020
645,1769,1951
646,539,2408
647,1546,3397
648,1819,3027
649,210,2649
650,1467,2594
651,1526,3376
652,1315,2717
653,124,3196
654,113,2249
655,1153,2352
656,262,2925
657,997,2723
658,219,2431
659,92,2465
660,1599,2834
661,1849,2676
662,298,1922
663,1547,2957
664,823,2672
665,1546,2982
666,879,2644
667,1412,2352
668,1497,3025
669,1357,1913
670,116,2108
671,400,2304
672,1091,1988
673,91,1939
674,774,2880
675,1683,2000
676,1354,1912
677,1856,3166
678,50,2176
679,1852,2909
680,737,2551
681,1136,3194
682,821,3111
683,210,3373
684,963,2656
685,1352,2879
686,507,2470
687,422,2406
688,249,1874
689,304,2007
690,1671,2132
691,1120,1956
692,1250,2726
693,1383,3318
694,1547,1927
695,1325,2070
696,1350,1915
697,493,2196
698,1780,3194
699,1392,2891
700,1635,2507
701,737,2899
702,1629,2989
703,811,2724
704,821,3117
705,672,2339
706,1112,2149
707,1825,1911
708,1234,3017
709,1018,2507
710,1090,2406
711,210,2987
712,83,2016
713,1795,3285
714,19,1893
715,280,2112
716,295,3368
717,1437,1921
718,1549,3350
719,542,2007
720,1422,3209
721,205,1923
722,190,3395
723,1472,3330
724,92,2462
725,1559,2673
726,779,3268
727,1489,1988
728,1102,2301
729,465,2183
730,324,2534
731,1585,1887
732,1078,1867
733,1613,1939
734,92,2483
735,1721,2435
736,737,2791
737,416,2308
738,157,3152
739,529,3373
740,1041,2042
741,1077,2130
742,694,2406
743,1530,2397
744,1424,3156
745,149,3036
746,1492,2170
747,1516,2192
748,434,2952
749,507,2710
750,1749,2640
751,1463,3195
752,134,2664
753,821,3148
754,985,3017
755,1520,2056
756,1444,2347
757,204,2621
758,923,3017
759,1018,2276
760,92,2498
761,219,2014
762,1547,1890
763,1691,3230
764,1487,1939
765,242,2170
766,1712,2043
767,1242,2656
768,591,3196
769,41,3067
770,131,3373
771,1774,2674
772,1513,3120
773,41,3187
774,1455,2244
775,71,2011
776,1758,2349
777,197,3380
778,19,3244
779,1553,1956
780,1584,2229
781,1614,2298
782,386,3216
783,1434,1913
784,700,1942
785,1770,2724
786,1498,2432
787,633,2162
788,1292,3396
789,737,2267
790,1458,2691
791,314,2093
792,583,2534
793,54,1940
794,1752,2436
795,90,2534
796,1727,2976
797,1477,2637
798,1091,2867
799,737,2793
800,503,1921
801,1572,2696
802,1716,2383
803,356,2882
804,173,3367
805,586,2020
806,446,2171
807,546,1957
808,1590,3297
809,464,2927
810,1553,2534
811,737,2361
812,864,2525
813,903,3017
814,1419,2205
815,1134,3095
816,1479,3172
817,1596,3298
818,1759,2535
819,874,2108
820,228,2108
821,1039,1922
822,77,2070
823,785,2681
824,25,2732
825,219,2299
826,1547,3033
827,23,1984
828,776,1922
829,1830,2112
830,571,2301
831,19,3043
832,1017,1939
833,1792,2717
834,540,1988
835,571,2302
836,1824,2339
837,1703,2108
838,1782,2430
839,501,2414
840,40,2684
841,1628,2195
842,1496,1934
843,1066,3403
844,940,2308
845,844,3120
846,1093,2819
847,1496,1901
848,339,1959
849,507,2503
850,737,2873
851,1375,2304
852,1587,2825
853,777,2951
854,47,2534
855,1229,2727
856,1307,1913
857,19,3087
858,1722,1939
859,84,2320
860,192,2591
861,1753,3320
862,1449,2406
863,587,2320
864,38,1939
865,1100,1921
866,499,1988
867,161,3251
868,354,2936
869,451,2952
870,1851,2649
871,945,2717
872,1680,1924
873,737,2852
874,1511,1988
875,958,3311
876,1542,1866
877,825,3196
878,769,2004
879,1031,1900
880,1560,3380
881,189,3359
882,1581,3036
883,1303,2511
884,36,3118
885,507,2309
886,737,2854
887,1277,2020
888,1710,1957
889,1129,2952
890,1039,2303
891,561,3196
892,1817,1880
893,1532,3205
894,909,3185
895,785,2152
896,411,2109
897,388,1921
898,1399,1866
899,1596,2546
900,885,2904
901,1174,2016
902,1375,1923
903,1018,1955
904,768,2607
905,1803,3334
906,50,3344
907,1368,1939
908,62,2404
909,250,2406
910,1102,1921
911,1708,2957
912,219,1945
913,1610,2263
914,1584,2871
915,1338,2999
916,1829,3010
917,607,2363
918,755,2070
919,1180,2880
920,1098,2302
921,171,2456
922,1493,2639
923,1247,2198
924,755,2673
925,1744,2753
926,966,2002
927,371,2534
928,745,1957
929,1751,2235
930,1381,2957
931,584,2154
932,1752,2434
933,92,2711
934,1515,3405
935,1852,2910
936,1617,2952
937,340,1915
938,785,2936
939,1262,2880
940,878,2862
941,182,2607
942,1535,2952
943,1591,3295
944,407,1866
945,1507,2339
946,551,2066
947,419,1988
948,1485,2265
949,660,2409
950,295,3250
951,1537,2607
952,1547,2524
953,1599,2228
954,1159,1915
955,470,1909
956,1711,2339
957,1439,2010
958,1336,2321
959,767,1912
960,1247,1988
961,69,1997
962,204,2175
963,92,2499
964,759,1904
965,435,1940
966,122,2993
967,749,2809
968,1496,1928
969,1020,2499
970,511,3146
971,1158,2664
972,1510,2304
973,604,2112
974,1194,1990
975,1341,2951
976,421,3194
977,847,1988
978,737,2649
979,1517,2483
980,470,2397
981,1664,2674
982,926,3017
983,204,2644
984,725,2719
985,666,2881
986,768,2695
987,215,2680
988,1426,1921
989,44,3213
990,535,2409
991,555,3351
992,387,1957
993,1587,2823
994,19,3056
995,1214,2728
996,1342,2043
997,222,2027
998,991,2172
999,1550,2308
1000,23,2972
1001,1623,2170
1002,1074,2301
1003,1654,2484
1004,1320,2348
1005,202,2081
1006,616,2933
1007,1578,3226
1008,1324,2491
1009,1757,1951
1010,423,2535
1011,1039,1871
1012,1794,1913
1013,19,2972
1014,202,3031
1015,342,2534
1016,604,2470
1017,320,1942
1018,122,2897
1019,439,2659
1020,19,3064
1021,611,3324
1022,539,2411
1023,306,2903
1024,1570,2073
1025,210,2123
1026,1689,1922
1027,328,2163
1028,1364,3147
1029,1496,2029
1030,1498,3292
1031,219,2814
1032,1489,3373
1033,1078,1866
1034,210,2108
1035,737,1984
1036,33,2576
1037,1145,2940
1038,94,1988
1039,1650,2343
1040,1478,2619
1041,326,3254
1042,395,2085
1043,451,1988
1044,1708,2605
1045,1517,3142
1046,936,3388
1047,1517,3139
1048,1793,2613
1049,391,2534
1050,0,2571
1051,1347,2288
1052,1068,3194
1053,122,3089
1054,899,3017
1055,1078,1956
1056,1593,2339
1057,1795,2645
1058,1327,2152
1059,435,1939
1060,19,2053
1061,1757,1950
1062,1512,2302
1063,1752,2435
1064,1421,2244
1065,68,2978
1066,610,1957
1067,772,1871
1068,66,2359
1069,1000,2716
1070,1807,2881
1071,772,2020
1072,433,2743
1073,390,2719
1074,554,2667
1075,100,1939
1076,1694,2451
1077,869,2108
1078,293,2107
1079,461,2534
1080,737,1971
1081,1751,3036
1082,1721,2434
1083,646,1991
1084,1779,2130
1085,658,3205
1086,213,2398
1087,231,2336
1088,1634,3316
1089,1247,2831
1090,1263,1971
1091,19,2449
1092,1535,2951
1093,1470,3330
1094,737,2792
1095,1425,2302
1096,737,2797
1097,495,2156
1098,103,2284
1099,1634,3311
1100,1537,2608
1101,118,2826
1102,1257,2622
1103,507,1986
1104,562,2580
1105,1351,2890
1106,64,2954
1107,1101,3189
1108,644,2957
1109,12,2357
1110,865,2727
1111,698,1871
1112,285,3371
1113,1340,1870
1114,446,2170
1115,1599,2036
1116,656,2388
1117,1498,3024
1118,825,1940
1119,958,3309
1120,738,2838
1121,600,2010
1122,100,2998
1123,366,3158
1124,878,3364
1125,1849,3359
1126,654,2821
1127,44,2895
1128,1780,1939
1129,941,2499
1130,614,2952
1131,1131,2160
1132,1508,1915
1133,1325,3098
1134,1758,2014
1135,507,3222
1136,1721,2819
1137,734,2998
1138,641,2413
1139,800,2902
1140,1537,2578
1141,433,2695
1142,1003,2167
1143,1187,2406
1144,495,3259
1145,602,2019
1146,1186,2372
1147,1262,2879
1148,1752,2449
1149,65,2296
1150,1513,3147
1151,1466,2443
1152,19,3103
1153,996,2723
1154,92,2712
1155,323,2703
1156,204,1965
1157,958,3315
1158,1443,2397
1159,1724,2020
1160,1399,3196
1161,1584,2884
1162,578,2107
1163,133,2940
1164,1830,2098
1165,573,2406
1166,1155,1988
1167,1512,2607
1168,166,2111
1169,761,2251
1170,566,1942
1171,328,3156
1172,1634,3305
1173,834,2167
1174,737,2159
1175,797,2016
1176,1819,2752
1177,110,2946
1178,1097,1940
1179,1232,2083
1180,96,1940
1181,718,2108
1182,1579,2951
1183,453,3144
1184,1727,2077
1185,1427,1921
1186,346,3392
1187,507,2480
1188,30,3126
1189,737,2779
1190,925,2306
1191,1051,1939
1192,1540,2744
1193,1497,1936
1194,819,3017
1195,92,2426
1196,655,2346
1197,371,2302
1198,637,2016
1199,1152,1971
1200,446,2966
1201,1032,2011
1202,868,2108
1203,164,2108
1204,766,2952
1205,1745,1939
1206,1496,2021
1207,657,2880
1208,1685,3404
1209,655,2349
1210,1501,1956
1211,465,2714
1212,1347,2289
1213,1172,2956
1214,1319,2346
1215,10,2343
1216,1059,1879
1217,1752,3082
1218,737,1865
1219,581,2457
1220,981,2926
1221,636,3351
1222,1424,2043
1223,878,2362
1224,507,2822
1225,1489,3329
1226,507,2473
1227,670,2819
1228,674,2406
1229,1496,2037
1230,1436,1924
1231,958,3310
1232,1525,2663
1233,1383,2721
1234,448,2068
1235,1376,2589
1236,172,2300
1237,140,2881
1238,29,2881
1239,319,1956
1240,1497,1893
1241,1043,2534
1242,1736,3351
1243,330,1866
1244,507,1892
1245,737,1970
1246,878,1930
1247,1634,3310
1248,1041,2043
1249,1271,2724
1250,1031,2134
1251,1462,2340
1252,1402,1913
1253,1854,2418
1254,1654,2493
1255,721,2108
1256,1546,2977
1257,1835,2290
1258,1597,3282
1259,25,2733
1260,1157,3397
1261,1424,2109
1262,1074,2302
1263,1117,2975
1264,511,3120
1265,501,2408
1266,1695,2292
1267,145,3180
1268,275,2192
1269,219,2458
1270,262,2931
1271,1102,2534
1272,560,2580
1273,1054,2381
1274,507,2427
1275,472,2415
1276,1273,2108
1277,1634,3306
1278,545,2123
1279,552,2659
1280,1467,2895
1281,92,2501
1282,366,2107
1283,356,2880
1284,1832,1919
1285,662,2951
1286,891,3017
1287,1570,2072
1288,1559,2586
1289,756,2523
1290,755,3372
1291,1143,2442
1292,1687,1921
1293,268,3114
1294,1071,3194
1295,737,2525
1296,92,2494
1297,392,2659
1298,1553,1939
1299,238,2975
1300,1247,2202
1301,1230,2242
1302,507,2066
1303,19,1966
1304,1633,1900
1305,1350,3096
1306,19,2246
1307,779,3201
1308,482,2534
1309,465,2131
1310,738,2416
1311,1223,1920
1312,1782,2559
1313,1330,3399
1314,219,2087
1315,1467,3175
1316,1330,2949
1317,431,2043
1318,1548,3195
1319,319,1957
1320,1634,3312
1321,825,1871
1322,19,2642
1323,551,3058
1324,446,2919
1325,1340,1872
1326,438,3346
1327,208,2108
1328,501,2410
1329,1832,2706
1330,679,3156
1331,457,3245
1332,446,3232
1333,1547,1889
1334,1247,2133
1335,507,2312
1336,1035,1988
1337,1043,2819
1338,1493,2045
1339,639,2112
1340,652,2952
1341,763,2345
1342,430,2112
1343,96,1941
1344,1589,2336
1345,776,1915
1346,318,3110
1347,128,3311
1348,1742,2661
1349,1040,2154
1350,178,3210
1351,694,2409
1352,883,2554
1353,946,2839
1354,737,2074
1355,1571,3279
1356,1599,1949
1357,37,3184
1358,730,3258
1359,1160,3151
1360,687,2202
1361,356,2136
1362,1497,3274
1363,1275,2348
1364,1471,1956
1365,1094,2302
1366,787,3229
1367,1144,2508
1368,134,3030
1369,219,3145
1370,586,2019
1371,1050,1922
1372,362,2406
1373,1370,1957
1374,1426,2302
1375,1686,1922
1376,1518,1988
1377,804,2886
1378,1496,1973
1379,655,3337
1380,1763,1869
1381,641,2406
1382,205,1924
1383,382,2011
1384,161,2770
1385,40,3174
1386,210,2661
1387,378,2864
1388,562,2743
1389,1408,2978
1390,1496,1896
1391,591,1883
1392,1263,2834
1393,19,3032
1394,1474,2691
1395,1634,3309
1396,216,2526
1397,750,2625
1398,245,2754
1399,196,2534
1400,858,2152
1401,1040,2152
1402,122,3044
1403,772,2302
1404,421,2534
1405,44,2282
1406,1585,2039
1407,1181,2879
1408,219,2368
1409,792,2418
1410,511,3148
1411,214,2305
1412,265,2615
1413,547,3205
1414,1308,2302
1415,69,2722
1416,92,2492
1417,509,2242
1418,19,3050
1419,92,2466
1420,1376,2078
1421,19,2731
1422,588,1939
1423,92,2438
1424,122,3198
1425,270,1923
1426,1819,2751
1427,452,2387
1428,1730,3415
1429,412,1921
1430,1546,2139
1431,507,2397
1432,689,3205
1433,289,2452
1434,507,2474
1435,768,1880
1436,1177,2939
1437,1018,2484
1438,1018,1951
1439,268,2082
1440,1696,2837
1441,306,2695
1442,1517,2485
1443,1082,3156
1444,1157,2729
1445,737,2783
1446,862,2675
1447,1471,1939
1448,1637,2940
1449,157,2108
1450,284,3226
1451,1701,2348
1452,790,1957
1453,1018,2284
1454,1421,1974
1455,716,2665
1456,1586,3178
1457,1420,1942
1458,234,2106
1459,1546,3344
1460,738,2484
1461,1284,2863
1462,641,2412
1463,710,3373
1464,1383,2720
1465,19,2598
1466,738,1904
1467,641,2411
1468,679,2108
1469,455,2068
1470,1509,1897
1471,707,2108
1472,1317,3012
1473,247,1939
1474,1705,1866
1475,1683,3022
1476,233,2951
1477,1598,2109
1478,44,3342
1479,600,2596
1480,765,2569
1481,1853,2493
1482,835,1905
1483,737,2773
1484,1610,2052
1485,417,1942
1486,1358,3302
1487,1330,2375
1488,1383,2758
1489,1715,1988
1490,1375,1922
1491,255,1911
1492,1014,2339
1493,1801,2108
1494,1498,3324
1495,1343,2683
1496,737,2898
1497,1205,2167
1498,951,2152
1499,210,3183
1500,1136,3196
1501,1481,3260
1502,580,2109
1503,365,2504
1504,183,2834
1505,178,3229
1506,1598,2108
1507,1496,1927
1508,1102,2304
1509,268,2950
1510,1758,2673
1511,737,2647
1512,371,2303
1513,134,3374
1514,1638,2339
1515,1610,3083
1516,1517,3382
1517,545,1951
1518,1135,2470
1519,356,2881
1520,780,3376
1521,92,2486
1522,219,3413
1523,1134,2716
1524,1721,2406
1525,161,3253
1526,1625,3367
1527,1336,3121
1528,487,3189
1529,417,1939
1530,1111,1866
1531,737,2552
1532,1350,3062
1533,1521,2425
1534,1345,2881
1535,1498,3327
1536,1097,1921
1537,438,2578
1538,202,2918
1539,1378,1871
1540,335,2334
1541,1752,3045
1542,1514,1922
1543,254,2301
1544,36,3117
1545,215,2679
1546,1004,2167
1547,6,3350
1548,517,2305
1549,655,2348
1550,568,1989
1551,1102,1922
1552,641,2085
1553,1050,1921
1554,635,1956
1555,1546,2187
1556,1123,2302
1557,303,1914
1558,148,2879
1559,607,2365
1560,1425,1939
1561,1817,3403
1562,1496,1878
1563,330,2302
1564,434,3373
1565,1776,3016
1566,1385,3129
1567,737,2798
1568,737,2270
1569,1597,2066
1570,672,2998
1571,1095,1921
1572,737,2272
1573,1504,2304
1574,479,1871
1575,1853,2492
1576,723,2075
1577,210,3184
1578,757,2559
1579,745,2954
1580,507,2273
1581,1460,2130
1582,1538,1921
1583,1498,2641
1584,1734,2611
1585,1018,3182
1586,1529,2201
1587,273,3351
1588,812,2108
1589,1517,2681
1590,773,1868
1591,128,2068
1592,1752,2823
1593,1336,2726
1594,1626,3337
1595,1032,1989
1596,1571,3376
1597,115,2192
1598,1530,3193
1599,1306,2016
1600,790,1942
1601,653,2504
1602,639,2188
1603,592,2925
1604,301,2043
1605,1431,2308
1606,507,2819
1607,1735,2003
1608,1833,1886
1609,1509,2578
1610,755,2358
1611,1752,2445
1612,743,2507
1613,1094,2534
1614,210,1904
1615,244,2381
1616,1749,2009
1617,1496,1891
1618,19,3045
1619,1467,1992
1620,63,2729
1621,43,2931
1622,258,2162
1623,265,3194
1624,169,2429
1625,803,2363
1626,562,2163
1627,482,1921
1628,768,2612
1629,127,2251
1630,477,1957
1631,337,3205
1632,1749,2004
1633,359,1988
1634,1788,1923
1635,1467,1993
1636,677,2044
1637,19,2420
1638,1481,1988
1639,59,2598
1640,1694,3324
1641,698,1872
1642,1321,2348
1643,1225,2988
1644,737,2784
1645,1352,2881
1646,785,2961
1647,83,2418
1648,1360,2723
1649,1638,3226
1650,1421,3338
1651,755,3006
1652,426,2108
1653,1565,2657
1654,28,2265
1655,1699,3195
1656,23,3222
1657,935,3388
1658,92,2484
1659,1500,1911
1660,98,2674
1661,1115,2921
1662,1462,2339
1663,25,2634
1664,298,2534
1665,1619,2014
1666,1471,1957
1667,1376,2187
1668,1097,1939
1669,720,2108
1670,355,2188
1671,1479,2159
1672,374,2695
1673,1811,2769
1674,790,1939
1675,1727,3036
1676,742,2729
1677,394,3196
1678,1297,2714
1679,1758,3337
1680,19,3080
1681,1376,2856
1682,572,2442
1683,712,1922
1684,585,2951
1685,1231,3396
1686,1661,2173
1687,328,3159
1688,507,2311
1689,1132,2719
1690,508,2952
1691,400,1871
1692,1102,1940
1693,1318,2348
1694,507,2440
1695,44,2079
1696,296,3189
1697,1096,2308
1698,1046,1988
1699,1130,2340
1700,821,3118
1701,677,2470
1702,610,1956
1703,702,2051
1704,374,2545
1705,1752,2461
1706,1115,2177
1707,1845,1866
1708,1376,3138
1709,1300,1900
1710,621,3203
1711,1602,2814
1712,1421,3120
1713,480,2108
1714,1424,2107
1715,190,3394
1716,240,1922
1717,785,3414
1718,737,2788
1719,809,2975
1720,1537,2612
1721,155,2122
1722,363,3247
1723,1497,1894
1724,187,3365
1725,1498,2598
1726,1093,3189
1727,1479,3272
1728,1402,1912
1729,91,1940
1730,262,1885
1731,862,2054
1732,1057,1915
1733,698,1873
1734,566,3194
1735,1755,2417
1736,456,1862
1737,19,2446
1738,45,2834
1739,1171,2956
1740,655,3005
1741,737,2841
1742,483,2406
1743,122,2898
1744,737,2853
1745,1052,1922
1746,1111,1873
1747,350,3170
1748,533,3196
1749,1819,2386
1750,1856,2354
1751,655,3001
1752,1839,2580
1753,1280,2152
1754,134,2630
1755,1521,2509
1756,847,3406
1757,1103,2350
1758,1496,2031
1759,322,2407
1760,477,1956
1761,1303,2510
1762,108,2695
1763,1357,1912
1764,525,1956
1765,1688,2418
1766,700,1874
1767,754,3339
1768,1745,1940
1769,694,2411
1770,1401,2881
1771,1102,1941
1772,541,2302
1773,1218,2153
1774,1847,2306
1775,53,2531
1776,665,3311
1777,1473,1942
1778,141,2108
1779,694,2410
1780,341,3205
1781,737,1972
1782,1726,3337
1783,1226,2826
1784,1481,2339
1785,1227,2844
1786,251,1956
1787,446,2965
1788,557,3397
1789,204,1904
1790,509,2543
1791,1548,3194
1792,1827,2083
1793,949,2152
1794,627,2333
1795,451,2951
1796,1496,2744
1797,1162,2189
1798,178,3209
1799,1111,1940
1800,1442,3194
1801,1845,1877
1802,408,1871
1803,1371,2534
1804,1510,2239
1805,830,2089
1806,755,2088
1807,1540,1988
1808,1183,2339
1809,1648,2404
1810,530,2302
1811,289,1999
1812,250,2085
1813,660,2410
1814,1553,1871
1815,556,1951
1816,473,2016
1817,19,3072
1818,72,2527
1819,219,2146
1820,313,1957
1821,1833,1883
1822,1049,3189
1823,507,2825
1824,1389,2891
1825,1806,2151
1826,737,2390
1827,197,2238
1828,1304,2939
1829,366,2108
1830,1651,2665
1831,1586,3281
1832,204,2107
1833,1786,2124
1834,1799,2975
1835,1156,3396
1836,1803,2916
1837,1743,2936
1838,1015,2339
1839,204,2374
1840,266,2176
1841,19,1888
1842,312,3157
1843,407,2302
1844,1729,2708
1845,465,2316
1846,19,3218
1847,1686,2534
1848,1288,2808
1849,1097,2301
1850,1348,2881
1851,1204,2005
1852,790,3194
1853,1498,2424
1854,614,2951
1855,1752,2448
1856,1030,2406
1857,1438,2007
1858,1048,1957
1859,289,2571
1860,1779,2902
1861,768,2610
1862,1745,1924
1863,92,2467
1864,1608,2125
1865,346,2008
1866,898,2126
1867,1113,1915
1868,737,2484
1869,202,2185
1870,513,2822
1871,1585,3290
1872,1249,2525
1873,1851,2650
1874,1521,2379
1875,366,2602
1876,803,2886
1877,343,2484
1878,773,1875
1879,1474,1967
1880,1637,3352
1881,1497,3028
1882,119,3001
1883,1571,3278
1884,573,3059
1885,1000,2715
1886,327,2336
1887,533,2880
1888,789,2043
1889,539,2410
1890,488,2928
1891,219,2558
1892,1630,2371
1893,491,2406
1894,727,2004
1895,755,2087
1896,470,2515
1897,1599,2226
1898,1351,3228
1899,737,1892
1900,318,3385
1901,1040,2863
1902,1260,2676
1903,161,3255
1904,1420,1871
1905,253,2954
1906,334,2406
1907,1685,3337
1908,739,2530
1909,657,2819
1910,245,2755
1911,607,2364
1912,1570,2749
1913,1585,3289
1914,1469,3033
1915,1498,3321
1916,535,2085
1917,1418,2968
1918,917,2341
1919,870,2108
1920,200,2285
1921,210,2015
1922,1768,2661
1923,737,2780
1924,1752,3177
1925,737,2651
1926,1667,2915
1927,466,2201
1928,863,2455
1929,1429,2096
1930,307,1921
1931,44,2897
1932,178,1907
1933,1276,2961
1934,1375,2302
1935,690,3156
1936,1546,2984
1937,66,2358
1938,520,2881
1939,1780,1867
1940,573,2044
1941,994,2915
1942,796,2702
1943,234,2108
1944,638,2727
1945,737,2693
1946,176,3014
1947,428,2043
1948,19,2067
1949,256,3369
1950,895,3245
1951,841,3033
1952,757,2665
1953,1714,2945
1954,1283,2729
1955,78,2251
1956,1517,2540
1957,1039,2301
1958,608,2417
1959,346,3397
1960,403,2457
1961,40,2105
1962,295,2628
1963,1256,3396
1964,418,1915
1965,1479,3271
1966,1528,3129
1967,677,2434
1968,210,2241
1969,491,2847
1970,1316,2863
1971,1813,2719
1972,1691,3409
1973,915,2750
1974,44,2971
1975,189,1988
1976,1405,2114
1977,69,2758
1978,1063,3201
1979,1624,2112
1980,1421,3148
1981,821,3119
1982,125,2954
1983,1838,2152
1984,44,3065
1985,1098,1923
1986,731,3373
1987,287,2201
1988,790,2954
1989,1536,3140
1990,958,3314
1991,30,3134
1992,1346,3361
1993,1422,3211
1994,989,2351
1995,1200,2326
1996,288,1956
1997,1179,2108
1998,1673,2957
1999,563,1921
2000,1463,2303
2001,1105,3196
2002,1787,2233
2003,1678,2578
2004,1434,1912
2005,1375,2534
2006,1472,3329
2007,573,2581
2008,679,2043
2009,1134,2695
2010,845,3120
2011,745,1939
2012,286,2951
2013,516,2982
2014,748,3184
2015,1155,2354
2016,737,2275
2017,691,1871
2018,446,1911
2019,948,2152
2020,466,1948
2021,1752,2404
2022,19,1986
2023,1486,2259
2024,614,1988
2025,1220,2571
2026,205,1921
2027,1052,1921
2028,251,1957
2029,538,2043
2030,44,3165
2031,337,2098
2032,1843,1911
2033,1592,1915
2034,220,2750
2035,339,1961
2036,85,2561
2037,1582,2297
2038,191,3350
2039,1139,2974
2040,755,2557
2041,290,3180
2042,264,2303
2043,803,2364
2044,1556,1967
2045,501,2412
2046,1103,1988
2047,455,3140
2048,1290,2308
2049,1553,1877
2050,522,1921
2051,393,3390
2052,280,1880
2053,1827,2915
2054,356,2188
2055,1467,2970
2056,1247,2505
2057,265,1942
2058,777,3030
2059,1420,1939
2060,604,2604
2061,210,2624
2062,1511,2007
2063,1856,1988
2064,1499,2228
2065,1360,2728
2066,528,2407
2067,1595,2418
2068,888,2571
2069,755,3388
2070,682,1925
2071,1597,2067
2072,464,1946
2073,566,1940
2074,1745,1941
2075,452,3412
2076,1111,1872
2077,1368,1941
2078,573,2051
2079,693,2205
2080,1692,3373
2081,1690,3033
2082,25,1966
2083,1683,2503
2084,608,2638
2085,394,1871
2086,96,1939
2087,684,2881
2088,972,2723
2089,1788,1921
2090,162,2260
2091,428,2578
2092,1683,1998
2093,1852,2255
2094,535,2411
2095,1497,3078
2096,660,2408
2097,1553,1866
2098,650,2951
2099,1584,2888
2100,1380,2070
2101,1341,1988
2102,1545,1939
2103,1313,3337
2104,543,3196
2105,745,1958
2106,668,1889
2107,420,2241
2108,630,1957
2109,1598,3158
2110,664,2016
2111,1134,2044
2112,791,2016
2113,1058,2406
2114,1634,3314
2115,551,2092
2116,219,2013
2117,1182,2181
2118,1517,2914
2119,1513,3146
2120,565,1942
2121,999,2539
2122,442,2107
2123,1154,2340
2124,1551,1967
2125,1422,3210
2126,157,3021
2127,210,3108
2128,1601,2527
2129,1425,2239
2130,1424,2108
2131,1072,2668
2132,880,3374
2133,136,2003
2134,549,3156
2135,1524,2302
2136,122,3090
2137,736,3194
2138,1469,2855
2139,507,2310
2140,1686,1923
2141,1778,3147
2142,1496,1920
2143,401,2007
2144,954,3017
2145,1133,1921
2146,1747,3017
2147,1781,2301
2148,1517,2973
2149,365,3341
2150,19,2248
2151,379,2534
2152,1097,1873
2153,203,2499
2154,1097,2302
2155,1461,2339
2156,1708,2936
2157,1376,2716
2158,400,2537
2159,488,2933
2160,75,2108
2161,1596,3353
2162,518,2951
2163,939,3388
2164,1350,2819
2165,737,2506
2166,30,3101
2167,492,3351
2168,1120,1939
2169,1540,3344
2170,1717,2931
2171,109,2195
2172,466,2209
2173,1569,3382
2174,738,2837
2175,1376,2525
2176,992,2004
2177,1018,2650
2178,746,2808
2179,1629,2113
2180,557,2580
2181,767,1913
2182,32,2572
2183,763,2083
2184,507,2761
2185,1486,1969
2186,1375,1921
2187,747,1991
2188,679,2107
2189,425,2339
2190,86,2418
2191,210,2106
2192,1729,2705
2193,1467,3073
2194,601,1878
2195,262,2927
2196,232,1956
2197,651,2880
2198,271,2504
2199,1377,2302
2200,919,3330
2201,515,1872
2202,1476,1914
2203,737,2527
2204,337,2096
2205,645,2534
2206,1498,3325
2207,1176,2880
2208,847,2352
2209,577,2018
2210,576,2406
2211,50,2565
2212,1435,2984
2213,655,2838
2214,1741,3391
2215,19,3042
2216,1002,2514
2217,737,2730
2218,1116,2340
2219,1780,1871
2220,739,2958
2221,48,3355
2222,1686,1921
2223,1659,2977
2224,1534,3349
2225,449,3373
2226,753,2010
2227,1830,2534
2228,92,2463
2229,1202,3182
2230,1745,2534
2231,1263,3137
2232,825,3194
2233,1390,2302
2234,1097,2304
2235,367,2570
2236,540,2952
2237,139,3389
2238,473,2130
2239,297,2766
2240,1356,1912
2241,1469,2005
2242,1683,2571
2243,573,2434
2244,624,1955
2245,1248,2004
2246,157,2021
2247,1355,2010
2248,50,2757
2249,309,2011
2250,1125,3360
2251,1383,3319
2252,620,1940
2253,831,2089
2254,737,2191
2255,1013,3017
2256,995,2339
2257,494,1871
2258,1568,3382
2259,1486,2829
2260,1337,3409
2261,1494,3244
2262,1499,2229
2263,19,2250
2264,1713,2728
2265,832,2838
2266,1420,3196
2267,1756,3205
2268,293,3158
2269,452,1901
2270,428,2109
2271,533,1873
2272,635,1957
2273,795,2402
2274,92,2669
2275,126,2534
2276,507,1894
2277,1097,1941
2278,1490,1866
2279,1266,2127
2280,959,2485
2281,1793,2460
2282,737,2847
2283,1852,2906
2284,737,2751
2285,1553,1873
2286,210,2218
2287,691,2534
2288,1467,1995
2289,1496,2041
2290,1711,2998
2291,17,2318
2292,1780,2302
2293,737,2570
2294,1157,2236
2295,1175,2983
2296,1099,2607
2297,1126,1880
2298,584,2152
2299,800,2418
2300,1183,2209
2301,336,2928
2302,897,2719
2303,1694,2931
2304,1284,2154
2305,1850,2601
2306,822,2559
2307,1584,2228
2308,562,2578
2309,893,2308
2310,580,2043
2311,1819,2449
2312,737,2778
2313,1261,2727
2314,355,2879
2315,1120,1940
2316,1547,2928
2317,1109,2009
2318,1502,3313
2319,543,1871
2320,379,2302
2321,1596,3299
2322,618,1940
2323,219,2557
2324,371,1872
2325,1218,2155
2326,1841,2928
2327,1493,3188
2328,1392,2138
2329,1782,1913
2330,639,2823
2331,824,1988
2332,455,1946
2333,920,3330
2334,1681,1922
2335,44,3212
2336,1828,2760
2337,779,2096
2338,1153,2866
2339,190,3393
2340,369,1988
2341,297,1939
2342,397,2406
2343,794,1870
2344,878,2951
2345,1633,2834
2346,122,3003
2347,767,2043
2348,1420,1940
2349,1244,2140
2350,384,1875
2351,1469,3224
2352,484,2302
2353,23,1988
2354,507,2377
2355,1486,2553
2356,1613,3194
2357,1311,2525
2358,158,2652
2359,558,2454
2360,1536,2620
2361,618,1943
2362,105,2326
2363,1406,2152
2364,142,2814
2365,417,3194
2366,1573,2879
2367,1157,2664
2368,1457,1921
2369,1767,2622
2370,464,2931
2371,65,3140
2372,384,2607
2373,1349,2879
2374,1842,2902
2375,465,2454
2376,771,1988
2377,19,3102
2378,1392,2983
2379,1241,2285
2380,1584,2868
2381,310,1921
2382,1218,2863
2383,1416,2951
2384,1597,1909
2385,1126,2203
2386,790,1943
2387,1150,2978
2388,1080,1957
2389,1062,2302
2390,204,3253
2391,1286,3017
2392,1727,2766
2393,1576,2200
2394,114,2904
2395,1019,2981
2396,938,3388
2397,1295,3388
2398,48,3171
2399,236,2580
2400,204,2398
2401,848,2070
2402,614,2568
2403,737,2771
2404,608,2422
2405,1069,2406
2406,1116,2339
2407,1399,1875
2408,1278,2020
2409,339,3017
2410,441,2700
2411,1627,2368
2412,641,2410
2413,279,1942
2414,1752,3053
2415,1809,3296
2416,1706,2381
2417,529,1971
2418,1018,2218
2419,1587,2824
2420,268,2375
2421,1525,2568
2422,670,2881
2423,198,2302
2424,1112,2863
2425,257,2331
2426,219,2561
2427,821,3146
2428,436,2085
2429,700,2534
2430,446,2964
2431,283,2265
2432,567,1940
2433,483,2085
2434,30,1975
2435,1496,1978
2436,1417,2418
2437,1584,2870
2438,1195,3337
2439,1521,2701
2440,1303,2514
2441,1028,2091
2442,1547,2209
2443,501,2406
2444,243,2568
2445,1330,3400
2446,1614,2161
2447,479,1911
2448,598,2607
2449,44,3261
2450,28,2007
2451,695,1940
2452,682,1924
2453,233,2952
2454,737,2271
2455,737,2765
2456,285,3364
2457,1376,3344
2458,464,2695
2459,1216,2129
2460,1206,2167
2461,1403,3129
2462,1538,1923
2463,19,3075
2464,1361,1988
2465,866,2265
2466,1830,2096
2467,94,2308
2468,737,2571
2469,1209,2719
2470,1599,2832
2471,1698,3116
2472,1459,3226
2473,1692,1971
2474,106,2007
2475,973,2298
2476,329,2939
2477,1039,1921
2478,1348,3344
2479,421,1957
2480,297,1942
2481,1263,2673
2482,1478,2404
2483,122,2991
2484,713,2108
2485,1456,3340
2486,1656,2339
2487,1606,2077
2488,1506,3030
2489,30,3123
2490,291,2534
2491,1120,1871
2492,267,2107
2493,737,3379
2494,737,2391
2495,372,3156
2496,608,2167
2497,465,2886
2498,1480,2418
2499,980,2339
2500,41,2250
2501,1493,3244
2502,1745,1922
2503,1300,2636
2504,212,3201
2505,1572,3313
2506,877,2108
2507,904,2073
2508,1305,2016
2509,1479,2482
2510,1432,3196
2511,314,2099
2512,1574,2130
2513,92,2342
2514,1363,3351
2515,301,2091
2516,706,3388
2517,293,2602
2518,639,2091
2519,755,1965
2520,737,2089
2521,312,3156
2522,506,2107
2523,266,3155
2524,80,1867
2525,1086,1939
2526,1463,3190
2527,1632,3118
2528,709,2108
2529,1498,3037
2530,1062,2301
2531,25,2737
2532,737,2789
2533,234,2107
2534,1394,1952
2535,1388,2953
2536,374,2339
2537,1070,1939
2538,450,1921
2539,1367,2085
2540,159,2930
2541,1605,2728
2542,1145,2941
2543,606,2397
2544,943,2486
2545,1493,1986
2546,1524,2301
2547,1596,3354
2548,539,2412
2549,1210,2514
2550,243,1957
2551,1463,2880
2552,1085,2487
2553,52,2493
2554,1690,2077
2555,497,1913
2556,289,2503
2557,1607,2975
2558,878,2352
2559,1459,2016
2560,134,3166
2561,202,2686
2562,1059,2928
2563,306,2902
2564,1498,2343
2565,1001,2152
2566,122,3291
2567,499,2499
2568,123,3195
2569,1168,2947
2570,19,3336
2571,1859,2007
2572,438,2584
2573,1612,3027
2574,310,1915
2575,1680,1923
2576,1806,2430
2577,1549,3349
2578,1310,1921
2579,1613,1943
2580,1800,3234
2581,1517,2021
2582,660,2411
2583,1353,2395
2584,1356,1913
2585,1111,2302
2586,337,2099
2587,1611,2330
2588,361,2534
2589,573,2883
2590,329,3189
2591,1302,1916
2592,1611,2538
2593,778,2702
2594,623,1942
2595,1473,1940
2596,1728,2434
2597,1522,1940
2598,385,3196
2599,703,3351
2600,467,3205
2601,1665,2928
2602,1268,2002
2603,1043,2825
2604,1218,2156
2605,443,1921
2606,282,1921
2607,742,2556
2608,1173,2534
2609,645,3194
2610,784,2831
2611,449,2338
2612,1282,2727
2613,1527,3233
2614,221,2834
2615,1102,1924
2616,564,1876
2617,1493,2641
2618,1184,2880
2619,755,2170
2620,835,2240
2621,1007,1991
2622,737,2782
2623,201,2719
2624,1537,2100
2625,19,2256
2626,1497,2041
2627,1624,2002
2628,1496,1959
2629,447,2664
2630,677,2234
2631,1645,2810
2632,1812,1988
2633,1391,1957
2634,210,1971
2635,25,2739
2636,1570,2747
2637,394,3068
2638,1584,2404
2639,921,2981
2640,1376,2120
2641,1039,2302
2642,696,2927
2643,927,3017
2644,210,2117
2645,396,2818
2646,1494,2642
2647,1190,2527
2648,618,1942
2649,523,3205
2650,604,2044
2651,1300,2950
2652,737,2204
2653,1316,2485
2654,1627,2370
2655,1652,3403
2656,1352,2880
2657,402,2238
2658,1496,1964
2659,469,2085
2660,1455,2016
2661,808,2571
2662,1819,2376
2663,157,2656
2664,1145,2942
2665,219,2298
2666,295,3388
2667,27,2339
2668,621,3205
2669,1571,2053
2670,1752,2419
2671,465,2962
2672,1127,2831
2673,1134,2142
2674,558,3241
2675,1428,2534
2676,337,2578
2677,421,1922
2678,92,2468
2679,1828,2388
2680,1852,2041
2681,1601,2077
2682,934,2719
2683,705,3195
2684,740,2060
2685,838,2108
2686,505,3205
2687,446,2220
2688,1440,3205
2689,1479,2164
2690,1683,2532
2691,509,2644
2692,96,1880
2693,1459,2664
2694,494,2535
2695,1692,2374
2696,1553,1868
2697,1669,2654
2698,1758,2520
2699,466,2302
2700,675,2107
2701,1811,2035
2702,1184,2881
2703,782,2868
2704,19,3034
2705,1752,3401
2706,1479,2212
2707,406,3244
2708,737,2276
2709,1472,3332
2710,507,2067
2711,511,3111
2712,575,2068
2713,558,2682
2714,843,2644
2715,204,2521
2716,204,2767
2717,411,2047
2718,1615,2170
2719,737,2787
2720,383,3150
2721,122,2989
2722,1546,2525
2723,535,2410
2724,1165,2002
2725,1652,3108
2726,656,2389
2727,1247,2527
2728,342,1921
2729,662,2952
2730,790,1956
2731,692,2165
2732,1752,2420
2733,1486,1971
2734,708,3351
2735,1013,2339
2736,171,2668
2737,1510,2305
2738,1517,3259
2739,1240,2161
2740,463,2946
2741,1777,2088
2742,92,3375
2743,1134,2715
2744,469,1989
2745,507,3409
2746,234,2028
2747,512,2535
2748,1486,2265
2749,1222,2152
2750,1376,3397
2751,1559,2590
2752,1098,1922
2753,507,2291
2754,618,3194
2755,509,2957
2756,193,2927
2757,694,2414
2758,681,2406
2759,737,1980
2760,58,3369
2761,1547,2930
2762,301,2614
2763,769,2702
2764,1126,1988
2765,1540,1900
2766,756,2056
2767,1610,2892
2768,642,1967
2769,315,3226
2770,912,1955
2771,69,3318
2772,45,3376
2773,567,1942
2774,418,1911
2775,182,2879
2776,21,2598
2777,594,2904
2778,44,2896
2779,1134,1973
2780,1752,3200
2781,137,2817
2782,293,2108
2783,337,2095
2784,1590,2918
2785,737,2799
2786,250,2410
2787,452,2626
2788,1369,2334
2789,1300,2626
2790,1613,1941
2791,970,2070
2792,1146,2952
2793,1749,2670
2794,979,2416
2795,1071,3196
2796,1628,3396
2797,1753,3357
2798,148,2880
2799,574,2683
2800,1018,1952
2801,1387,2952
2802,312,3162
2803,911,2934
2804,832,2952
2805,621,2308
2806,1309,2952
2807,878,2952
2808,1815,2339
2809,1253,2694
2810,204,3380
2811,1725,2453
2812,785,2592
2813,848,2398
2814,755,2223
2815,301,3346
2816,821,3120
2817,395,1988
2818,1342,1988
2819,1169,3169
2820,683,2302
2821,632,3147
2822,1102,1873
2823,1547,2344
2824,1376,2201
2825,609,2807
2826,1263,2112
2827,1098,1924
2828,1498,2440
2829,1300,2860
2830,427,2407
2831,138,2952
2832,1610,3214
2833,357,2020
2834,1832,1914
2835,507,2476
2836,1362,2925
2837,51,1871
2838,739,2974
2839,452,2950
2840,415,1988
2841,1660,1864
2842,168,2457
2843,813,2308
2844,740,3128
2845,958,3307
2846,1494,3293
2847,156,2719
2848,1426,2301
2849,562,1897
2850,374,2340
2851,1154,2356
2852,1632,3119
2853,1184,2879
2854,64,3353
2855,1035,3196
2856,1135,2847
2857,34,1913
2858,502,2107
2859,277,3402
2860,1180,2881
2861,1448,2176
2862,1466,2927
2863,580,3156
2864,737,2314
2865,1683,2055
2866,403,2139
2867,962,2928
2868,1610,3019
2869,122,3084
2870,618,1944
2871,340,1921
2872,1559,2587
2873,763,2973
2874,1512,1941
2875,1517,2576
2876,1462,3030
2877,1852,2834
2878,19,3097
2879,3,2018
2880,328,3160
2881,494,2534
2882,457,2508
2883,250,2408
2884,1469,2655
2885,19,3246
2886,508,2951
2887,1747,2401
2888,377,2927
2889,1446,2695
2890,198,2239
2891,1296,3388
2892,703,1900
2893,772,2019
2894,428,3158
2895,488,2929
2896,1546,2912
2897,530,2112
2898,1636,2383
2899,518,2952
2900,1796,3189
2901,1561,3344
2902,969,2002
2903,376,2952
2904,1142,2607
2905,263,1956
2906,1300,2949
2907,1421,3117
2908,619,2839
2909,785,2216
2910,1068,2019
2911,566,1941
2912,1300,1901
2913,1301,2859
2914,320,1944
2915,1584,2033
2916,92,3088
2917,177,3196
2918,1829,3011
2919,1675,3196
2920,1547,1928
2921,1263,2995
2922,1455,2812
2923,407,2301
2924,402,2363
2925,1421,3147
2926,161,2886
2927,1472,2211
2928,1040,2149
2929,535,2407
2930,1752,1966
2931,1218,2158
2932,737,2650
2933,474,2808
2934,1039,1925
2935,332,2130
2936,1810,1943
2937,260,2192
2938,1086,1940
2939,610,2716
2940,1517,2768
2941,2,2987
2942,1718,2814
2943,558,2245
2944,957,3330
2945,370,2580
2946,1486,2308
2947,785,2485
2948,1610,2262
2949,1616,1988
2950,210,3378
2951,1513,3118
2952,424,2143
2953,1572,2695
2954,1498,2503
2955,737,1974
2956,1809,2068
2957,500,2016
2958,1852,2254
2959,1098,1921
2960,50,2316
2961,1093,1874
2962,1224,2975
2963,1739,2598
2964,1555,1876
2965,263,2607
2966,1481,2193
2967,1634,3313
2968,384,1874
2969,639,2879
2970,729,2108
2971,647,3195
2972,92,2488
2973,514,2100
2974,630,1956
2975,34,2547
2976,1467,2079
2977,1486,3108
2978,240,1923
2979,79,2394
2980,998,2957
2981,1493,2397
2982,507,2425
2983,356,2879
2984,950,2152
2985,1123,2303
2986,410,1921
2987,1220,2570
2988,427,2406
2989,539,2413
2990,1050,1923
2991,1525,2664
2992,620,1957
2993,122,2894
2994,641,2407
2995,682,1922
2996,1617,2951
2997,26,3351
2998,1526,3301
2999,1499,2226
3000,1532,2096
3001,578,2108
3002,1517,2624
3003,1692,2912
3004,862,2525
3005,1061,1940
3006,1702,2367
3007,545,1952
3008,1546,2210
3009,509,2576
3010,197,3239
3011,1746,2719
3012,486,1939
3013,534,2952
3014,737,2775
3015,251,1866
3016,1672,3033
3017,475,2691
3018,1496,1898
3019,628,2525
3020,460,2534
3021,754,1882
3022,693,2044
3023,1584,2869
3024,507,1893
3025,19,3081
3026,104,1967
3027,92,2713
3028,1452,3201
3029,1546,2010
3030,262,1883
3031,92,2656
3032,1486,2277
3033,1467,2325
3034,1770,2727
3035,1252,2364
3036,737,2796
3037,1511,3226
3038,1819,3045
3039,257,2985
3040,1820,2623
3041,1336,2952
3042,455,3257
3043,336,1884
3044,699,2580
3045,1095,1922
3046,507,2428
3047,1128,1957
3048,1349,2881
3049,650,2664
3050,735,2829
3051,552,2982
3052,737,2874
3053,622,2049
3054,1752,2820
3055,634,2837
3056,1845,1871
3057,788,2363
3058,702,2847
3059,804,2522
3060,1129,2951
3061,337,2104
3062,1517,2272
3063,252,1915
3064,1245,2152
3065,59,3244
3066,74,2553
3067,507,2444
3068,1613,1942
3069,1745,1923
3070,1378,2301
3071,1670,2132
3072,741,2750
3073,293,2109
3074,564,1874
3075,1218,2149
3076,4,2676
3077,355,3361
3078,1486,1970
3079,1176,2881
3080,1135,2406
3081,253,3015
3082,109,3396
3083,1819,2697
3084,1495,3389
3085,1097,2534
3086,1303,2513
3087,1496,1947
3088,367,2532
3089,44,2894
3090,30,2278
3091,570,2152
3092,649,2534
3093,533,2881
3094,680,3195
3095,609,2117
3096,1695,2301
3097,1496,1935
3098,92,3358
3099,856,2486
3100,749,2986
3101,121,2307
3102,413,2534
3103,1795,2067
3104,752,2371
3105,1489,3330
3106,1493,2813
3107,608,2839
3108,1433,2534
3109,215,2340
3110,507,2479
3111,1727,2186
3112,400,1873
3113,872,2108
3114,737,2790
3115,210,2293
3116,1355,1912
3117,1544,2975
3118,1424,2602
3119,1208,2002
3120,22,1871
3121,444,2578
3122,1465,3405
3123,312,3161
3124,80,1868
3125,471,3343
3126,481,1941
3127,678,1921
3128,69,2231
3129,194,2928
3130,1754,2392
3131,210,1970
3132,1822,3189
3133,1071,3195
3134,1613,1944
3135,764,2139
3136,1218,2157
3137,1570,2756
3138,615,2952
3139,259,2108
3140,298,1924
3141,1729,2706
3142,1267,2521
3143,1478,2400
3144,1819,3082
3145,507,3042
3146,19,3082
3147,1441,2968
3148,1299,2634
3149,415,3149
3150,1281,2727
3151,192,2433
3152,1378,2302
3153,1102,1939
3154,210,2067
3155,19,2976
3156,1500,2170
3157,1752,2517
3158,676,2196
3159,533,3194
3160,1532,2101
3161,764,3379
3162,1114,2049
3163,1435,3176
3164,19,1949
3165,755,2013
3166,573,2847
3167,1157,2120
3168,1570,2748
3169,1533,2406
3170,19,2643
3171,604,2406
3172,6,3351
3173,308,1956
3174,180,3017
3175,695,1939
3176,219,2469
3177,19,3079
3178,1108,2308
3179,108,2596
3180,1056,2928
3181,1832,2705
3182,132,3351
3183,328,3157
3184,1469,2555
3185,488,2932
3186,637,2130
3187,182,2112
3188,1854,2016
3189,88,2336
3190,501,2409
3191,1852,2833
3192,1386,2201
3193,1796,3195
3194,620,1939
3195,1336,1991
3196,1547,1891
3197,1584,2227
3198,1508,1911
3199,19,3091
3200,1496,1899
3201,737,1954
3202,1529,2673
3203,1073,3013
3204,1091,2865
3205,1708,3033
3206,1340,1867
3207,520,2879
3208,584,2149
3209,1121,1870
3210,958,3316
3211,405,2357
3212,1467,2969
3213,19,2517
3214,1137,2924
3215,679,2602
3216,314,2134
3217,276,1871
3218,722,2108
3219,188,2837
3220,1496,1963
3221,446,2169
3222,876,2108
3223,719,2108
3224,1336,1988
3225,154,3094
3226,1039,1873
3227,289,2055
3228,887,2728
3229,645,1939
3230,1811,3116
3231,396,1942
3232,1449,2085
3233,1512,1876
3234,1246,2198
3235,740,2763
3236,1388,2744
3237,755,3266
3238,87,2831
3239,450,1922
3240,219,2566
3241,1119,2819
3242,1531,1874
3243,25,2735
3244,377,2925
3245,1591,3294
3246,517,2301
3247,421,1956
3248,33,2243
3249,1524,2189
3250,1852,2908
3251,1330,3136
3252,339,1960
3253,1494,3218
3254,1376,3348
3255,737,2849
3256,886,2521
3257,562,1896
3258,1546,3138
3259,491,2470
3260,1018,2398
3261,794,1868
3262,1061,1939
3263,738,1968
3264,28,3226
3265,351,2998
3266,225,2394
3267,206,2593
3268,404,2572
3269,1784,2406
3270,1609,2341
3271,120,2011
3272,23,2133
3273,773,1870
3274,1420,2534
3275,1417,2998
3276,1097,1924
3277,404,2574
3278,1463,3193
3279,219,2071
3280,507,2378
3281,44,2969
3282,507,2482
3283,638,2724
3284,1763,1872
3285,803,2522
3286,941,2274
3287,978,2121
3288,655,3004
3289,446,2920
3290,1110,2406
3291,670,1914
3292,1414,1939
3293,1641,1921
3294,204,1989
3295,1430,2308
3296,737,2648
3297,1441,3352
3298,1438,2567
3299,1818,1910
3300,1159,1922
3301,151,2339
3302,494,1942
3303,701,3226
3304,1336,2951
3305,639,2821
3306,1537,2609
3307,320,1943
3308,502,2108
3309,1751,3387
3310,1656,2998
3311,345,1956
3312,1695,1956
3313,861,3300
3314,1657,2535
3315,507,2823
3316,1620,2274
3317,1573,2881
3318,507,1888
3319,1660,2340
3320,517,1942
3321,1376,2729
3322,875,2108
3323,222,2750
3324,25,2738
3325,603,1956
3326,1033,2290
3327,1035,3194
3328,129,2695
3329,1802,2968
3330,573,2405
3331,1693,2975
3332,767,1988
3333,284,2007
3334,1081,1921
3335,267,2092
3336,1662,2126
3337,737,2800
3338,965,2983
3339,215,2695
3340,1376,2568
3341,579,2741
3342,92,2675
3343,204,2167
3344,24,2170
3345,373,2602
3346,510,2178
3347,1565,2658
3348,209,2108
3349,267,2134
3350,682,1921
3351,495,2632
3352,569,1957
3353,491,2434
3354,1819,3053
3355,1496,1996
3356,745,1944
3357,1193,2527
3358,446,2219
3359,465,3343
3360,1376,2556
3361,1613,1940
3362,1684,3255
3363,507,2403
3364,1486,2525
3365,1522,1939
3366,1415,2580
3367,40,2206
3368,1570,2002
3369,118,2083
3370,700,1871
3371,1640,3096
3372,99,1967
3373,737,2795
3374,705,1940
3375,325,2530
3376,624,3184
3377,1084,2406
3378,947,3017
3379,596,2951
3380,306,1921
3381,1138,3205
3382,1383,1997
3383,30,2279
3384,403,2456
3385,204,2152
3386,1562,1988
3387,19,2397
3388,1120,2534
3389,559,2580
3390,1106,1988
3391,513,2819
3392,1376,3345
3393,1818,1912
3394,205,1922
3395,38,1940
3396,136,2835
3397,43,2927
3398,250,2409
3399,1594,3351
3400,30,3124
3401,745,1942
3402,346,2695
3403,1149,2352
3404,346,2232
3405,737,2287
3406,701,2086
3407,1692,2308
3408,698,2302
3409,1576,3406
3410,289,3022
3411,375,1915
3412,1496,2695
3413,1371,2607
3414,1191,2020
3415,1763,1867
3416,187,3362
3417,1749,3048
3418,1073,2952
3419,1366,2075
3420,1453,2085
3421,337,2607
3422,958,3313
3423,517,1943
3424,1218,2154
3425,476,1970
3426,1187,2476
3427,736,3196
3428,1122,2952
3429,464,2922
3430,252,1922
3431,138,2951
3432,204,2987
3433,1847,3380
3434,157,2252
3435,1254,2904
3436,1062,2199
3437,724,2298
3438,462,1942
3439,971,2588
3440,739,3357
3441,771,2043
3442,489,1911
3443,580,2107
3444,1580,2819
3445,210,1913
3446,1407,2595
3447,621,3201
3448,1852,3063
3449,1505,2048
3450,69,2697
3451,197,2923
3452,485,3351
3453,1793,2504
3454,1473,1939
3455,130,1874
3456,153,3036
3457,278,2519
3458,616,2932
3459,524,1957
3460,157,2978
3461,1685,3403
3462,1409,3337
3463,618,1941
3464,1300,2257
3465,609,2245
3466,1782,3227
3467,300,2534
3468,737,2676
3469,1589,3260
3470,815,2728
3471,40,3173
3472,11,2245
3473,655,3403
3474,1025,2484
3475,617,3248
3476,1860,3403
3477,737,1979
3478,1018,2571
3479,1479,2813
3480,1121,1875
3481,1323,2538
3482,1219,2988
3483,1102,1925
3484,660,2407
3485,975,2100
3486,1819,3092
3487,1837,2978
3488,25,2734
3489,737,2829
3490,309,2012
3491,56,3033
3492,1497,2040
3493,1076,2887
3494,610,2901
3495,1135,2044
3496,1818,1913
3497,1053,2189
3498,1749,2141
3499,608,3226
3500,1167,3396
3501,23,2937
3502,159,2928
3503,793,3195
3504,9,2634
3505,268,3400
3506,817,3017
3507,1674,2946
3508,292,2396
3509,1637,2927
3510,338,1967
3511,1463,3194
3512,953,2152
3513,882,2982
3514,1599,2041
3515,587,3189
3516,145,3179
3517,495,3153
3518,1154,3351
3519,737,2077
3520,355,2938
3521,1423,2085
3522,1828,2389
3523,1016,2063
3524,1400,1923
3525,369,1871
3526,1364,3118
3527,157,2454
3528,754,2549
3529,411,2602
3530,1571,2641
3531,97,2951
3532,376,2663
3533,19,2639
3534,726,2004
3535,1790,2002
3536,1472,1988
3537,509,2717
3538,1388,2329
3539,1526,3300
3540,495,2718
3541,57,2108
3542,1123,2304
3543,14,3380
3544,1498,3322
3545,737,2315
3546,312,3160
3547,1481,3226
3548,1333,2744
3549,823,2341
3550,1808,3255
3551,1543,2881
3552,1682,2534
3553,1663,2719
3554,44,2283
3555,337,2103
3556,737,2948
3557,977,2121
3558,513,2821
3559,1467,3086
3560,1413,2580
3561,39,2996
3562,1689,1911
3563,1153,2862
3564,941,2178
3565,1467,2292
3566,1584,2885
3567,210,2723
3568,44,2286
3569,1737,2663
3570,289,2000
3571,1493,3270
3572,507,2472
3573,1809,2754
3574,1055,2043
3575,1558,3017
3576,365,2487
3577,855,2729
3578,599,1956
3579,1517,2543
3580,1425,2049
3581,908,2987
3582,1668,3369
3583,740,2762
3584,1121,1868
3585,1247,2815
3586,1064,2951
3587,1857,2108
3588,422,2350
3589,454,1942
3590,1330,2950
3591,1524,2954
3592,1104,1956
3593,1576,2194
3594,212,3205
3595,738,2020
3596,41,3186
3597,1699,1921
3598,717,2724
3599,737,2774
3600,519,1957
3601,924,2093
3602,1642,2406
3603,693,2112
3604,1586,2248
3605,1856,2529
3606,663,2302
3607,397,2085
3608,737,2335
3609,779,2107
3610,509,2306
3611,1683,1999
3612,1301,3328
3613,551,2100
3614,1294,2364
3615,226,2339
3616,737,2069
3617,1121,1867
3618,918,2298
3619,1388,3235
3620,1599,2831
3621,785,2632
3622,932,2152
3623,1550,3023
3624,1643,1971
3625,1018,2285
3626,434,2951
3627,294,2660
3628,491,2044
3629,1255,3023
3630,1762,1867
3631,832,2951
3632,1687,2534
3633,1573,2880
3634,1039,1924
3635,1547,1947
3636,317,1915
3637,254,2302
3638,1375,1925
3639,1830,2097
3640,417,1940
3641,122,2893
3642,1105,3194
3643,458,1957
3644,1703,2742
3645,1597,3283
3646,1860,1988
3647,851,2108
3648,1809,2120
3649,210,2585
3650,1480,2016
3651,1300,2695
3652,774,2881
3653,755,2555
3654,1146,2891
3655,284,2339
3656,1018,1954
3657,1008,2484
3658,1498,2403
3659,61,3373
3660,19,3054
3661,301,2112
3662,1251,2974
3663,1547,1998
3664,1819,2446
3665,1517,2538
3666,1752,2516
3667,645,2020
3668,1451,2085
3669,737,1983
3670,848,3381
3671,1497,1938
3672,181,2366
3673,30,3132
3674,1199,2108
3675,1332,1991
3676,737,2801
3677,1809,2339
3678,1312,2077
3679,157,1881
3680,491,2604
3681,289,3026
3682,617,3249
3683,1534,3350
3684,737,2803
3685,69,2721
3686,737,2393
3687,849,2486
3688,1723,3195
3689,1346,2188
3690,847,2354
3691,1093,1914
3692,19,2813
3693,1157,2562
3694,1192,3036
3695,573,2470
3696,30,2208
3697,1749,2005
3698,580,2108
3699,697,3196
3700,306,2664
3701,507,3024
3702,626,3036
3703,1077,2016
3704,802,2554
3705,210,2912
3706,833,3373
3707,737,1953
3708,1375,1871
3709,1632,3120
3710,901,3226
3711,1060,2207
3712,846,1911
3713,1089,2504
3714,1819,2421
3715,540,2951
3716,800,2130
3717,1618,2130
3718,1752,2821
3719,1621,2170
3720,427,2408
3721,1364,3120
3722,700,1866
3723,507,2599
3724,702,2044
3725,421,3196
3726,1547,2027
3727,1331,2152
3728,737,1864
3729,1814,2406
3730,942,3017
3731,210,3145
3732,737,2308
3733,1750,2170
3734,337,2134
3735,239,1946
3736,1634,3307
3737,737,3221
3738,19,2217
3739,157,2486
3740,677,2406
3741,452,3245
3742,1488,1922
3743,1086,1941
3744,878,1931
3745,1300,2846
3746,1494,3246
3747,306,3040
3748,768,3205
3749,421,1921
3750,1752,2447
3751,1852,2888
3752,852,3017
3753,1811,2450
3754,1092,3205
3755,45,3353
3756,1745,1872
3757,758,2367
3758,217,3017
3759,1763,1877
3760,548,2256
3761,984,2650
3762,1153,2759
3763,1485,3255
3764,70,2952
3765,19,3051
3766,414,2674
3767,1079,2984
3768,239,2975
3769,1641,1922
3770,1005,3017
3771,507,2820
3772,248,3410
3773,537,3196
3774,148,2881
3775,1293,2719
3776,1828,2828
3777,158,2360
3778,1834,2170
3779,1691,2064
3780,1316,2154
3781,755,2348
3782,1466,1942
3783,1600,3388
3784,1181,2880
3785,616,2534
3786,400,1866
3787,1187,3201
3788,202,2184
3789,219,2563
3790,1482,2130
3791,1689,1915
3792,400,2239
3793,737,2802
3794,193,1885
3795,1469,2004
3796,168,2456
3797,698,2301
3798,1829,3007
3799,1709,2107
3800,92,2500
3801,478,2302
3802,737,2772
3803,1098,1871
3804,669,1946
3805,584,2863
3806,737,1926
3807,273,2607
3808,577,2896
3809,612,2100
3810,1378,1939
3811,299,2109
3812,384,1871
3813,1189,2120
3814,134,2261
3815,352,1871
3816,744,2455
3817,507,2471
3818,1188,2727
3819,1680,1922
3820,1683,2570
3821,1393,2808
3822,1463,2301
3823,1420,3194
3824,790,1940
3825,1496,1895
3826,1780,1868
3827,659,3189
3828,1059,2927
3829,1682,3194
3830,302,2997
3831,1496,2039
3832,818,3017
3833,1596,2256
3834,673,2998
3835,850,2672
3836,1477,2119
3837,532,1991
3838,430,3205
3839,1416,2952
3840,1479,2703
3841,1603,2814
3842,608,3184
3843,1180,2879
3844,1398,1942
3845,1342,3359
3846,1270,2724
3847,799,2130
3848,1563,2984
3849,955,2485
3850,1810,1942
3851,1435,2912
3852,1212,2129
3853,19,3053
3854,1375,1873
3855,677,2847
3856,1819,3091
3857,1537,2101
3858,101,2691
3859,1043,2824
3860,737,2875
3861,728,2108
3862,1037,2152
3863,737,2776
3864,694,2408
3865,240,1921
3866,627,2339
3867,1547,3333
3868,783,1988
3869,1076,3402
3870,573,2836
3871,1024,2952
3872,112,2518
3873,313,1956
3874,608,3182
3875,1498,1887
3876,1147,2951
3877,488,2930
3878,737,2421
3879,1546,2025
3880,745,3194
3881,688,3351
3882,507,3105
3883,430,3189
3884,740,2061
3885,134,2631
3886,287,2607
3887,578,2109
3888,1243,2140
3889,1027,2134
3890,694,2407
3891,210,1954
3892,491,2051
3893,507,2821
3894,41,3243
3895,1809,2236
3896,1691,2225
3897,1752,2437
3898,22,1868
3899,1075,3205
3900,621,3202
3901,1432,3194
3902,1404,3186
3903,246,2333
3904,1,2253
3905,404,2485
3906,1339,2302
3907,515,3196
3908,39,2484
3909,1151,2195
3910,905,2070
3911,507,2709
3912,1023,2655
3913,1639,2115
3914,515,1873
3915,19,3093
3916,990,2351
3917,1379,3380
3918,1015,3017
3919,1811,2032
3920,740,2006
3921,190,3346
3922,1660,2188
3923,1384,2881
3924,755,2559
3925,507,2704
3926,1486,3242
3927,454,1943
3928,446,3192
3929,1517,2249
3930,89,2834
3931,1186,2373
3932,1322,2538
3933,737,3384
3934,640,2534
3935,1365,2695
3936,1153,2328
3937,509,2214
3938,1765,2541
3939,446,2166
3940,829,2020
3941,1473,2118
3942,1616,2997
3943,1396,1912
3944,491,2602
3945,1833,2925
3946,1012,2588
3947,1586,2542
3948,781,2205
3949,1018,2827
3950,19,3085
3951,213,2070
3952,1248,2005
3953,1588,2384
3954,1773,2442
3955,522,1922
3956,1513,3148
3957,1099,2695
3958,1112,2154
3959,1447,2360
3960,769,2671
3961,1018,2265
3962,507,2313
3963,311,2302
3964,543,1866
3965,1826,2987
3966,1336,2716
3967,958,3308
3968,1360,2725
3969,266,3154
3970,1632,1988
3971,1496,2030
3972,1577,2879
3973,1464,2534
3974,894,2904
3975,860,2152
3976,261,2834
3977,756,3358
3978,737,1991
3979,1610,2046
3980,1018,2268
3981,316,2834
3982,1766,1955
3983,1467,2893
3984,400,2534
3985,702,2470
3986,739,3223
3987,1018,1950
3988,1196,3330
3989,467,1880
3990,658,1988
3991,1006,2814
3992,1537,2093
3993,19,3104
3994,1026,2404
3995,1376,2727
3996,507,3047
3997,337,2102
3998,737,2678
3999,878,2759
4000,1029,2676
4001,337,2107
4002,446,2955
4003,428,2108
4004,1499,3284
4005,1497,3273
4006,821,3147
4007,1497,2180
4008,1574,2902
4009,1372,2952
4010,1120,2302
4011,19,3077
4012,1566,1923
4013,92,2491
4014,287,2534
4015,31,3189
4016,22,1867
4017,507,2385
4018,44,2893
4019,1510,2301
4020,1304,2941
4021,198,2695
4022,1287,2506
4023,1062,1939
4024,18,2937
4025,1676,3194
4026,404,2224
4027,241,2130
4028,1263,2967
4029,1098,1925
4030,13,2339
4031,755,2298
4032,1537,2134
4033,276,2302
4034,1071,2020
4035,1526,2053
4036,230,1991
4037,192,3330
4038,1442,3196
4039,374,3377
4040,732,3408
4041,157,3380
4042,1376,2912
4043,178,1903
4044,1376,3337
4045,353,2170
4046,19,2133
4047,1587,2821
4048,1493,1987
4049,447,2190
4050,1489,3331
4051,1038,3351
4052,481,1939
4053,1745,1925
4054,289,1998
4055,363,3156
4056,314,2100
4057,511,3117
4058,592,3344
4059,847,2442
4060,1097,1925
4061,1300,2213
4062,1550,2857
4063,1093,3195
4064,1846,2085
4065,1845,1873
4066,19,3003
4067,60,2152
4068,1496,1897
4069,1683,3026
4070,193,2928
4071,1263,3266
4072,1571,2954
4073,368,2534
4074,69,2756
4075,173,2968
4076,628,2913
4077,1657,2536
4078,1521,2380
4079,468,2406
4080,738,2765
4081,906,1913
4082,1856,2197
4083,1542,2302
4084,737,2284
4085,224,2998
4086,1638,3000
4087,399,2613
4088,187,3363
4089,1554,1967
4090,589,1956
4091,501,2411
4092,856,2656
4093,1041,2049
4094,465,2009
4095,1182,2182
4096,1383,2231
4097,1678,1897
4098,1570,3287
4099,19,3240
4100,737,1985
4101,1796,1874
4102,507,2481
4103,30,2666
4104,1737,2664
4105,1795,2066
4106,25,2633
4107,733,3245
4108,615,2951
4109,737,1969
4110,1518,2145
4111,652,2951
4112,1503,1911
4113,318,2997
4114,15,3366
4115,19,3222
4116,1498,2441
4117,18,2972
4118,1497,2311
4119,1856,2353
4120,411,2108
4121,1565,3191
4122,557,1988
4123,1452,2107
4124,1017,2007
4125,356,3361
4126,360,1939
4127,1034,3351
4128,1858,2902
4129,755,2563
4130,517,1944
4131,544,1939
4132,1009,2004
4133,552,3235
4134,1660,1863
4135,165,2181
4136,582,3140
4137,1497,3049
4138,1000,2152
4139,1233,2083
4140,1652,2837
4141,19,3220
4142,1467,2323
4143,1459,2188
4144,682,1923
4145,427,2085
4146,1734,2607
4147,161,3252
4148,604,2434
4149,737,2794
4150,832,2214
4151,737,1975
4152,63,2726
4153,346,1957
4154,445,2339
4155,1376,2548
4156,122,3181
4157,1236,2175
4158,265,3196
4159,1648,2888
4160,628,2982
4161,1504,2302
4162,1183,2879
4163,428,2107
4164,19,2164
4165,452,2332
4166,1561,1947
4167,825,1939
4168,54,3195
4169,558,2698
4170,878,2983
4171,1513,3119
4172,1263,2905
4173,507,3276
4174,1823,2108
4175,1170,2947
4176,219,2520
4177,1610,2842
4178,1590,2066
4179,1811,3110
4180,737,1977
4181,1247,2237
4182,494,1939
4183,737,2777
4184,534,1988
4185,737,2268
4186,1532,2093
4187,1538,1922
4188,1497,3029
4189,1272,2724
4190,1599,2833
4191,146,3351
4192,30,3122
4193,356,1948
4194,1383,2722
4195,122,2994
4196,737,1951
4197,1634,3308
4198,173,2230
4199,539,2407
4200,1517,2355
4201,1382,3023
4202,421,2038
4203,1587,2819
4204,1160,2534
4205,1383,2756
4206,1529,2891
4207,504,2096
4208,219,2358
4209,1553,2304
4210,704,2019
4211,272,3194
4212,1471,2954
4213,1048,1956
4214,597,1988
4215,737,1906
4216,1021,3143
4217,1459,2418
4218,218,2727
4219,383,2602
4220,1104,1957
4221,1741,3389
4222,1314,2840
4223,459,2108
4224,108,3313
4225,1723,3194
4226,1692,2992
4227,1796,2819
4228,1741,3390
4229,1166,2538
4230,1653,2811
4231,737,2507
4232,1587,2820
4233,1755,2975
4234,1545,1940
4235,122,3276
4236,33,2963
4237,1740,2889
4238,92,2496
4239,27,2998
4240,507,3275
4241,1111,2534
4242,1582,1988
4243,624,1988
4244,764,2446
4245,1052,1923
4246,982,3388
4247,1803,2525
4248,850,2673
4249,1340,1868
4250,1070,2112
4251,1510,2302
4252,592,2928
4253,1747,2742
4254,1269,2518
4255,179,2306
4256,509,2399
4257,1616,2560
4258,393,3389
4259,1134,2560
4260,639,2881
4261,1092,2290
4262,618,1939
4263,92,2490
4264,1115,2534
4265,700,2880
4266,178,3211
4267,757,3227
4268,199,2152
4269,1599,2034
4270,289,2570
4271,1753,3012
4272,1051,1942
4273,431,3235
4274,1467,2896
4275,1218,2320
4276,1752,2062
4277,1442,1867
4278,551,3099
4279,1148,2294
4280,198,2301
4281,1284,2149
4282,1497,3061
4283,1078,1958
4284,1585,3078
4285,1397,2091
4286,214,2301
4287,784,2954
4288,1375,2301
4289,333,2406
4290,890,3017
4291,1484,2280
4292,215,2339
4293,641,2414
4294,139,3391
4295,1183,2881
4296,498,2127
4297,30,3133
4298,1419,2695
4299,371,1871
4300,1097,1923
4301,1508,1874
4302,941,2170
4303,358,2534
4304,958,3306
4305,1472,3373
4306,1247,3267
4307,1733,2817
4308,1018,2676
4309,1632,3117
4310,1463,3196
4311,389,2406
4312,1442,1871
4313,19,2212
4314,702,2406
4315,1235,2152
4316,886,2603
4317,621,3207
4318,691,1873
4319,562,1898
4320,849,2656
4321,1860,1880
4322,1104,1867
4323,854,2152
4324,1564,2957
4325,20,2881
4326,143,2902
4327,1633,2525
4328,1467,2894
4329,1259,2152
4330,219,2690
4331,1211,3109
4332,1262,2881
4333,1236,3141
4334,1083,3158
4335,806,2421
4336,756,2258
4337,737,2785
4338,44,3164
4339,1475,2691
4340,92,2464
4341,1690,3139
4342,417,1941
4343,1263,3033
4344,19,3071
4345,1336,2924
4346,1517,2626
4347,1610,2264
4348,931,2855
4349,685,3156
4350,1523,3351
4351,501,2407
4352,1473,3303
4353,1517,2623
4354,30,3130
4355,1124,2523
4356,1842,2130
4357,100,2339
4358,1578,2998
4359,92,2497
4360,699,2951
4361,1610,3219
4362,122,2896
4363,559,2578
4364,667,1957
4365,1498,3323
4366,1176,2879
4367,828,2727
4368,250,2411
4369,1570,3288
4370,44,3247
4371,444,1897
4372,1422,3208
4373,1497,1937
4374,1201,3245
4375,620,1956
4376,1468,3380
4377,97,2952
4378,1164,2952
4379,1044,2844
4380,521,2534
4381,1247,2197
4382,263,1939
4383,298,1925
4384,1493,3177
4385,122,2899
4386,1330,2626
4387,40,2207
4388,1561,1886
4389,92,2489
4390,207,2057
4391,1819,3057
4392,1683,2451
4393,1450,1991
4394,602,2020
4395,1488,1921
4396,1820,2575
4397,1308,2305
4398,711,2108
4399,508,1988
4400,488,2927
4401,331,3391
4402,1087,2067
4403,1289,2002
4404,1589,2023
4405,1294,2886
4406,884,1881
4407,1479,1893
4408,527,2290
4409,136,3237
4410,1122,2951
4411,157,2404
4412,394,3194
4413,525,1957
4414,1831,2080
4415,1137,2931
4416,486,1942
4417,446,2221
4418,1094,1871
4419,786,1956
4420,41,3241
4421,1115,2382
4422,714,2545
4423,823,3413
4424,1376,3113
4425,210,3317
4426,19,2600
4427,1088,3205
4428,1678,2580
4429,922,2987
4430,1536,3380
4431,205,1925
4432,1469,2543
4433,1102,1923
4434,1441,2024
4435,573,2613
4436,907,3347
4437,805,2014
4438,247,1940
4439,986,3017
4440,694,2413
4441,1745,1921
4442,19,2599
4443,654,2819
4444,19,3106
4445,1426,1872
4446,134,2980
4447,1785,2098
4448,595,2904
4449,269,2952
4450,1780,1943
4451,1729,2704
4452,377,2928
4453,1491,3382
4454,1153,3364
4455,575,3311
4456,403,2339
4457,1762,1868
4458,1610,2630
4459,219,2555
4460,608,2834
4461,585,2952
4462,1149,2951
4463,507,2477
4464,539,2409
4465,755,2981
4466,578,3158
4467,1496,3386
4468,983,3388
4469,941,2662
4470,285,3370
4471,16,2181
4472,157,1969
4473,1752,3197
4474,1055,2042
4475,1517,2306
4476,1682,2535
4477,1553,2302
4478,1068,3195
4479,1010,2004
4480,1817,1988
4481,1719,3109
4482,1039,1940
4483,1483,2007
4484,1388,3113
4485,299,3158
4486,178,3208
4487,1141,2381
4488,1365,3030
4489,41,1903
4490,369,2302
4491,1462,3226
4492,1161,2571
4493,770,2302
4494,19,3069
4495,968,2808
4496,1532,2097
4497,210,3411
4498,516,2861
4499,562,2582
4500,246,2320
4501,648,1915
4502,747,2543
4503,1731,3189
4504,1285,2108
4505,737,2265
4506,55,3215
4507,580,2602
4508,465,2931
4509,157,3373
4510,1442,1866
4511,1198,2926
4512,1539,3313
4513,1811,3322
4514,54,1939
4515,1752,3054
4516,223,3169
4517,1504,2303
4518,737,2528
4519,1494,2643
4520,244,3018
4521,92,2439
4522,1114,2050
4523,673,2339
4524,1559,3038
4525,337,2094
4526,1486,2392
4527,1763,1868
4528,1265,2070
4529,1506,2339
4530,1000,2153
4531,1479,3041
4532,641,2409
4533,613,2817
4534,19,2066
4535,753,2043
4536,511,3118
4537,1797,2398
4538,599,1880
4539,987,3017
4540,1763,1870
4541,122,2990
4542,1798,1988
4543,5,2210
4544,1479,2481
4545,1520,2057
4546,766,2951
4547,281,2265
4548,1747,2128
4549,1157,2119
4550,1861,2339
4551,793,3194
4552,859,2152
4553,289,2451
4554,161,3254
4555,737,2781
4556,974,2117
4557,360,1942
4558,896,2067
4559,737,2804
4560,182,2302
4561,599,1957
4562,579,3351
4563,755,2144
4564,1519,2585
4565,531,2406
4566,837,3033
4567,911,2931
4568,157,2635
4569,346,1956
4570,566,1944
4571,387,2816
4572,33,1973
4573,214,2302
4574,1577,2881
4575,1478,3199
4576,409,2825
4577,930,2198
4578,807,2004
4579,8,3253
4580,888,2570
4581,1217,1950
4582,1752,3244
4583,507,2900
4584,1497,2179
4585,1238,3337
4586,745,1956
4587,92,3012
4588,507,2039
4589,857,3183
4590,1513,3117
4591,507,2246
4592,605,2085
4593,1349,2880
4594,465,3048
4595,1374,2534
4596,163,1991
4597,1213,2150
4598,509,2485
4599,82,2952
4600,663,1871
4601,1039,2534
4602,332,2902
4603,250,2407
4604,712,1921
4605,111,2881
4606,1546,2201
4607,1729,2819
4608,1239,2433
4609,92,2487
4610,19,1987
4611,1469,2544
4612,1552,2381
4613,1467,2911
4614,21,2067
4615,873,2108
4616,268,3399
4617,346,1939
4618,30,3125
4619,1789,2442
4620,737,1863
4621,1291,3118
4622,1494,2133
4623,550,2868
4624,19,2045
4625,211,2320
4626,698,3196
4627,1852,2831
4628,929,2366
4629,1454,2007
4630,745,1943
4631,967,2485
4632,1829,3009
4633,626,2664
4634,1497,3063
4635,1358,2859
4636,1679,1967
4637,157,2425
4638,700,1873
4639,1627,2369
4640,856,2499
4641,557,1897
4642,785,2644
4643,352,3196
4644,576,2502
4645,1560,2300
4646,801,2695
4647,1104,1958
4648,1485,3254
4649,451,3373
4650,1591,3336
4651,69,3319
4652,643,2302
4653,210,2089
4654,1710,2562
4655,1335,2397
4656,331,3390
4657,185,2306
4658,337,2101
4659,1479,2483
4660,791,2418
4661,1344,2881
4662,553,3205
4663,507,2475
4664,654,2822
4665,184,2975
4666,1403,2010
4667,1735,2076
4668,1134,2567
4669,587,3207
4670,345,1957
4671,454,1944
4672,881,3030
4673,439,2660
4674,701,2130
4675,1466,2110
4676,1455,2831
4677,1103,2406
4678,298,1921
4679,1062,2112
4680,346,2607
4681,571,2822
4682,573,2583
4683,545,1950
4684,1659,2746
4685,574,2406
4686,1697,2252
4687,25,2877
4688,107,2954
4689,627,2192
4690,958,3312
4691,1752,2446
4692,1478,2616
4693,44,3263
4694,664,2418
4695,1722,1957
4696,1520,2070
4697,1760,3109
4698,740,2059
4699,1753,2499
4700,1078,1957
4701,790,1941
4702,402,2108
4703,1858,2130
4704,853,3017
4705,92,3076
4706,1557,1967
4707,1221,2152
4708,1658,3373
4709,205,1911
4710,1228,2020
4711,33,2084
4712,1764,2984
4713,639,2824
4714,1517,2525
4715,1640,2819
4716,290,3379
4717,237,2723
4718,25,2397
4719,1309,2951
4720,392,2982
4721,376,2951
4722,1158,2176
4723,621,3206
4724,1388,2525
4725,359,2985
4726,1061,1941
4727,1484,3254
4728,685,3158
4729,49,2252
4730,157,2976
4731,1727,3139
4732,701,1962
4733,298,1923
4734,1720,2017
4735,1805,2043
4736,1662,2178
4737,1649,3027
4738,507,2432
4739,1351,3337
4740,821,3112
4741,1775,1951
4742,286,2952
4743,42,2931
4744,1618,2016
4745,914,2124
4746,507,2824
4747,30,3135
4748,617,2818
4749,1570,2682
4750,1452,2096
4751,558,2699
4752,509,2332
4753,1455,3217
4754,274,2925
4755,816,2514
4756,1039,1923
4757,1534,1900
4758,1732,1956
4759,1345,1915
4760,1459,2831
4761,1298,2306
4762,1426,1922
4763,247,1941
4764,1681,1923
4765,1622,2398
4766,465,1991
4767,222,2944
4768,1836,2484
4769,178,3388
4770,174,2456
4771,354,2952
4772,1486,2274
4773,814,3017
4774,73,2959
4775,535,2408
4776,1853,2499
4777,160,2486
4778,1547,1929
4779,1122,2327
4780,1540,2695
4781,755,2148
4782,1151,3396
4783,507,2707
4784,566,1943
4785,452,3256
4786,790,1958
4787,346,2795
4788,157,3357
4789,836,3033
4790,1047,2719
4791,613,2819
4792,1644,2625
4793,1215,2129
4794,1203,2339
4795,175,3337
4796,1811,3113
4797,1258,2588
4798,1018,2826
4799,1018,2506
4800,262,2928
4801,1705,2201
4802,289,2532
4803,889,2750
4804,1707,2011
4805,35,1989
4806,1161,2570
4807,655,3402
4808,1829,3008
